frames,Confidence,Ymin,Xmin,Ymax,Xmax
0,0,0,0,0,0
1,0,0,0,0,0
2,0,0,0,0,0
3,0,0,0,0,0
4,0,0,0,0,0
5,0,0,0,0,0
6,0,0,0,0,0
7,0,0,0,0,0
8,0,0,0,0,0
9,0,0,0,0,0
10,0,0,0,0,0
11,0,0,0,0,0
12,0,0,0,0,0
13,0,0,0,0,0
14,0,0,0,0,0
15,0,0,0,0,0
16,0,0,0,0,0
17,0,0,0,0,0
18,0,0,0,0,0
19,0,0,0,0,0
20,0,0,0,0,0
21,0,0,0,0,0
22,0,0,0,0,0
23,0,0,0,0,0
24,0,0,0,0,0
25,0,0,0,0,0
26,0,0,0,0,0
27,0,0,0,0,0
28,0,0,0,0,0
29,0,0,0,0,0
30,0,0,0,0,0
31,0,0,0,0,0
32,0,0,0,0,0
33,0,0,0,0,0
34,0,0,0,0,0
35,0,0,0,0,0
36,0,0,0,0,0
37,0,0,0,0,0
38,0,0,0,0,0
39,0,0,0,0,0
40,0,0,0,0,0
41,0,0,0,0,0
42,0,0,0,0,0
43,0,0,0,0,0
44,0,0,0,0,0
44,0,0,0,0,0
45,0,0,0,0,0
46,0,0,0,0,0
47,0,0,0,0,0
48,0,0,0,0,0
49,0,0,0,0,0
50,0,0,0,0,0
51,0,0,0,0,0
52,0,0,0,0,0
53,0,0,0,0,0
54,0,0,0,0,0
55,0,0,0,0,0
56,0,0,0,0,0
57,0,0,0,0,0
58,0,0,0,0,0
59,0,0,0,0,0
60,0,0,0,0,0
61,0,0,0,0,0
62,0,0,0,0,0
63,0,0,0,0,0
64,0,0,0,0,0
65,0,0,0,0,0
66,0,0,0,0,0
67,0,0,0,0,0
68,0,0,0,0,0
69,0,0,0,0,0
70,0,0,0,0,0
71,0,0,0,0,0
72,0,0,0,0,0
73,0,0,0,0,0
74,0,0,0,0,0
75,0,0,0,0,0
76,0,0,0,0,0
77,0,0,0,0,0
78,0,0,0,0,0
79,0,0,0,0,0
80,0,0,0,0,0
81,0,0,0,0,0
82,0,0,0,0,0
83,0,0,0,0,0
84,0,0,0,0,0
85,0,0,0,0,0
86,0,0,0,0,0
87,0,0,0,0,0
88,0,0,0,0,0
89,0,0,0,0,0
90,0,0,0,0,0
91,0,0,0,0,0
92,0,0,0,0,0
93,0,0,0,0,0
94,0,0,0,0,0
95,0,0,0,0,0
96,53,1,19,476,199
97,0,0,0,0,0
98,0,0,0,0,0
99,0,0,0,0,0
100,0,0,0,0,0
101,0,0,0,0,0
102,0,0,0,0,0
103,0,0,0,0,0
104,0,0,0,0,0
105,0,0,0,0,0
106,0,0,0,0,0
107,0,0,0,0,0
108,0,0,0,0,0
109,0,0,0,0,0
110,0,0,0,0,0
111,0,0,0,0,0
112,0,0,0,0,0
113,0,0,0,0,0
114,0,0,0,0,0
115,0,0,0,0,0
116,0,0,0,0,0
117,0,0,0,0,0
118,0,0,0,0,0
119,0,0,0,0,0
120,0,0,0,0,0
121,0,0,0,0,0
122,74,22,221,470,466
123,56,1,486,480,631
124,0,0,0,0,0
125,71,1,438,476,605
126,68,1,335,480,553
127,68,1,321,474,517
128,59,1,333,478,515
129,62,1,16,476,206
130,59,1,471,480,629
131,68,1,409,476,609
132,59,1,430,462,613
133,53,1,478,450,626
134,53,1,471,454,623
135,53,1,477,378,619
136,0,0,0,0,0
137,0,0,0,0,0
138,0,0,0,0,0
139,0,0,0,0,0
140,0,0,0,0,0
141,0,0,0,0,0
142,0,0,0,0,0
143,62,1,446,462,610
144,53,1,476,466,634
145,56,9,450,467,623
145,53,1,27,466,250
146,66,1,431,476,599
147,66,1,431,476,599
148,0,0,0,0,0
149,0,0,0,0,0
150,74,1,20,476,185
151,68,1,40,476,217
152,66,1,32,476,199
153,71,1,41,471,237
154,0,0,0,0,0
155,66,1,10,462,229
156,68,1,19,480,254
157,78,1,14,476,276
157,53,19,418,310,534
158,0,0,0,0,0
159,56,2,36,474,230
160,68,1,93,462,332
160,53,1,23,476,276
161,62,1,17,476,214
161,53,1,191,475,454
162,53,1,191,475,454
163,0,0,0,0,0
164,0,0,0,0,0
165,0,0,0,0,0
166,0,0,0,0,0
167,0,0,0,0,0
168,0,0,0,0,0
169,0,0,0,0,0
170,0,0,0,0,0
171,0,0,0,0,0
172,0,0,0,0,0
173,0,0,0,0,0
174,0,0,0,0,0
175,0,0,0,0,0
175,0,0,0,0,0
176,0,0,0,0,0
177,0,0,0,0,0
178,0,0,0,0,0
179,0,0,0,0,0
180,0,0,0,0,0
181,0,0,0,0,0
182,0,0,0,0,0
183,0,0,0,0,0
184,0,0,0,0,0
185,0,0,0,0,0
186,0,0,0,0,0
187,0,0,0,0,0
188,0,0,0,0,0
189,0,0,0,0,0
190,0,0,0,0,0
191,0,0,0,0,0
192,0,0,0,0,0
193,0,0,0,0,0
194,0,0,0,0,0
195,0,0,0,0,0
196,0,0,0,0,0
197,0,0,0,0,0
198,0,0,0,0,0
199,0,0,0,0,0
200,0,0,0,0,0
201,0,0,0,0,0
202,0,0,0,0,0
203,0,0,0,0,0
204,0,0,0,0,0
205,0,0,0,0,0
206,0,0,0,0,0
207,0,0,0,0,0
208,0,0,0,0,0
209,0,0,0,0,0
210,0,0,0,0,0
211,53,6,226,470,420
212,0,0,0,0,0
213,59,9,288,474,609
214,62,1,94,466,341
214,59,1,111,477,491
215,59,2,314,480,580
215,53,1,77,478,329
216,78,10,320,480,629
216,53,6,181,478,584
217,53,7,218,469,440
218,0,0,0,0,0
219,56,1,364,478,560
219,53,1,8,480,148
220,62,1,382,480,555
221,0,0,0,0,0
222,59,1,400,474,564
223,0,0,0,0,0
224,0,0,0,0,0
225,56,14,510,476,631
226,53,1,469,450,622
227,0,0,0,0,0
228,0,0,0,0,0
229,0,0,0,0,0
230,0,0,0,0,0
231,0,0,0,0,0
232,0,0,0,0,0
233,0,0,0,0,0
234,0,0,0,0,0
235,0,0,0,0,0
236,0,0,0,0,0
237,53,2,551,441,628
238,0,0,0,0,0
239,0,0,0,0,0
240,0,0,0,0,0
241,0,0,0,0,0
242,0,0,0,0,0
243,0,0,0,0,0
244,0,0,0,0,0
245,0,0,0,0,0
246,0,0,0,0,0
247,0,0,0,0,0
248,0,0,0,0,0
249,53,1,221,470,462
250,53,2,213,474,458
251,0,0,0,0,0
252,53,2,221,474,462
253,53,2,220,474,452
254,53,1,217,470,449
255,0,0,0,0,0
256,56,1,215,478,452
257,62,1,225,478,457
258,66,1,222,478,455
259,59,2,220,474,457
260,56,1,230,478,458
261,59,1,225,478,457
262,66,1,224,478,448
263,59,1,222,478,450
264,53,1,227,478,460
265,62,1,221,478,462
266,59,1,224,478,469
267,53,1,229,478,479
268,62,1,227,478,460
269,62,1,225,478,457
270,56,1,215,478,452
271,66,1,207,478,439
272,53,6,229,478,453
273,0,0,0,0,0
274,0,0,0,0,0
275,0,0,0,0,0
276,0,0,0,0,0
277,0,0,0,0,0
278,0,0,0,0,0
279,0,0,0,0,0
280,0,0,0,0,0
281,0,0,0,0,0
282,0,0,0,0,0
283,0,0,0,0,0
284,0,0,0,0,0
285,0,0,0,0,0
286,53,2,239,466,459
287,0,0,0,0,0
288,0,0,0,0,0
289,56,1,17,457,218
290,62,1,17,471,184
291,62,1,17,471,184
292,62,1,17,471,184
293,0,0,0,0,0
294,0,0,0,0,0
295,0,0,0,0,0
296,0,0,0,0,0
297,0,0,0,0,0
298,0,0,0,0,0
299,0,0,0,0,0
300,0,0,0,0,0
301,0,0,0,0,0
302,0,0,0,0,0
303,0,0,0,0,0
304,0,0,0,0,0
305,0,0,0,0,0
306,0,0,0,0,0
307,59,5,20,480,194
308,56,10,26,480,200
309,62,5,30,480,213
310,66,5,27,480,217
311,62,6,31,478,225
312,62,6,34,478,232
313,66,2,26,474,235
314,62,2,26,474,235
315,62,1,23,476,220
316,66,1,27,476,217
317,59,4,28,472,225
318,71,1,20,471,228
319,62,1,22,471,209
320,68,1,20,467,203
321,62,1,14,462,221
322,66,1,13,458,210
323,53,1,11,375,153
323,53,3,20,454,203
324,59,7,11,368,164
324,59,2,20,445,210
325,68,1,15,449,212
326,62,1,18,449,204
327,53,2,29,445,215
328,66,6,72,428,287
329,66,1,71,438,281
330,0,0,0,0,0
331,66,16,53,431,279
332,56,9,47,431,291
333,59,2,21,445,218
334,0,0,0,0,0
335,62,15,1,430,173
336,56,1,180,446,413
337,66,12,5,427,179
338,71,11,3,441,197
339,53,6,17,441,197
340,0,0,0,0,0
341,0,0,0,0,0
342,0,0,0,0,0
343,59,17,74,417,285
344,0,0,0,0,0
345,0,0,0,0,0
346,56,23,56,423,283
347,0,0,0,0,0
348,0,0,0,0,0
349,0,0,0,0,0
350,0,0,0,0,0
351,0,0,0,0,0
352,0,0,0,0,0
353,56,22,167,436,391
354,59,30,43,416,279
355,0,0,0,0,0
356,0,0,0,0,0
357,0,0,0,0,0
358,0,0,0,0,0
359,0,0,0,0,0
360,0,0,0,0,0
361,0,0,0,0,0
362,53,8,166,453,396
363,0,0,0,0,0
364,0,0,0,0,0
365,59,36,54,422,277
366,66,2,20,445,203
366,59,1,435,476,608
367,68,1,27,458,217
367,59,1,406,476,599
368,74,12,3,427,170
368,59,1,406,476,599
369,68,1,5,420,155
370,0,0,0,0,0
371,0,0,0,0,0
372,71,1,27,480,234
373,0,0,0,0,0
374,82,1,374,469,570
375,53,18,349,480,545
375,53,1,226,478,467
376,53,1,226,478,467
377,53,1,226,478,467
378,53,1,226,478,467
379,56,1,407,476,615
380,0,0,0,0,0
381,0,0,0,0,0
382,0,0,0,0,0
383,0,0,0,0,0
384,0,0,0,0,0
385,0,0,0,0,0
386,0,0,0,0,0
387,0,0,0,0,0
388,0,0,0,0,0
389,0,0,0,0,0
390,0,0,0,0,0
391,0,0,0,0,0
392,0,0,0,0,0
393,0,0,0,0,0
394,0,0,0,0,0
395,0,0,0,0,0
396,0,0,0,0,0
397,0,0,0,0,0
398,0,0,0,0,0
399,0,0,0,0,0
400,0,0,0,0,0
401,0,0,0,0,0
402,0,0,0,0,0
403,0,0,0,0,0
404,0,0,0,0,0
405,0,0,0,0,0
406,0,0,0,0,0
407,0,0,0,0,0
408,0,0,0,0,0
409,0,0,0,0,0
410,0,0,0,0,0
411,0,0,0,0,0
412,0,0,0,0,0
413,0,0,0,0,0
414,0,0,0,0,0
415,0,0,0,0,0
416,0,0,0,0,0
417,0,0,0,0,0
418,0,0,0,0,0
419,0,0,0,0,0
420,0,0,0,0,0
421,0,0,0,0,0
422,0,0,0,0,0
423,66,1,410,476,607
424,0,0,0,0,0
425,53,1,343,462,525
426,59,1,72,471,254
427,0,0,0,0,0
428,0,0,0,0,0
429,0,0,0,0,0
430,0,0,0,0,0
431,0,0,0,0,0
432,0,0,0,0,0
433,0,0,0,0,0
434,0,0,0,0,0
435,0,0,0,0,0
436,0,0,0,0,0
437,56,30,103,446,282
438,66,30,82,452,297
439,0,0,0,0,0
440,59,55,216,471,356
441,53,56,125,464,277
442,59,49,104,464,271
443,0,0,0,0,0
444,59,38,62,468,289
445,0,0,0,0,0
446,56,23,119,468,283
447,0,0,0,0,0
448,59,22,82,436,317
449,74,17,42,447,313
450,59,15,45,461,293
451,56,19,60,457,295
452,59,23,76,453,295
453,78,22,68,460,303
454,62,19,59,457,303
455,71,24,57,446,310
456,56,19,72,457,316
457,66,27,70,449,309
458,74,28,70,442,289
459,76,20,53,450,306
460,68,34,68,442,291
461,56,34,98,457,281
462,62,23,57,453,301
463,59,27,53,449,297
464,66,25,76,439,299
465,71,21,70,443,313
466,66,15,99,430,300
467,74,24,45,446,293
468,68,20,56,450,291
469,71,25,49,439,293
470,74,25,38,439,296
471,68,25,54,433,289
472,68,25,43,433,287
473,74,22,32,430,290
474,71,10,13,466,306
475,71,18,35,433,287
476,68,18,39,433,283
477,66,10,13,466,258
478,68,10,14,458,268
479,0,0,0,0,0
480,53,11,10,441,194
481,0,0,0,0,0
482,59,8,17,459,244
483,62,10,13,466,254
484,0,0,0,0,0
485,59,38,75,453,274
486,0,0,0,0,0
487,0,0,0,0,0
488,0,0,0,0,0
489,0,0,0,0,0
490,0,0,0,0,0
491,0,0,0,0,0
492,53,1,486,456,592
493,56,25,15,439,189
494,62,25,11,439,185
495,59,18,10,433,186
496,56,22,10,430,178
497,68,11,10,441,174
498,56,12,12,427,176
499,59,15,10,430,174
500,66,12,10,434,174
501,68,15,8,430,176
502,0,0,0,0,0
503,56,30,1,416,171
504,0,0,0,0,0
505,0,0,0,0,0
506,53,33,5,419,175
507,59,33,2,412,173
508,66,23,1,423,171
509,0,0,0,0,0
510,53,45,1,425,180
511,62,10,21,450,219
512,56,7,21,450,197
513,62,6,16,441,206
514,59,2,17,445,197
515,62,2,14,445,200
516,66,7,12,450,202
517,62,2,13,445,193
518,0,0,0,0,0
519,0,0,0,0,0
520,66,3,14,454,200
521,53,17,12,459,189
522,53,2,17,445,197
523,66,1,13,458,196
524,53,8,13,459,196
525,53,1,13,458,193
526,0,0,0,0,0
527,0,0,0,0,0
528,62,12,2,434,173
529,59,1,488,475,592
530,56,1,489,466,591
531,56,1,494,455,603
532,0,0,0,0,0
533,59,14,8,414,188
534,59,1,496,435,603
535,0,0,0,0,0
536,62,1,21,428,197
536,59,1,485,429,584
537,56,7,11,414,181
538,59,1,14,365,161
538,59,1,485,427,583
539,59,6,10,421,174
539,56,1,486,450,585
540,74,1,20,449,203
541,0,0,0,0,0
542,62,16,5,423,175
543,59,13,5,420,175
544,53,12,3,427,177
545,0,0,0,0,0
546,53,1,19,440,186
547,56,6,24,441,194
548,66,7,11,450,198
549,62,7,13,450,193
550,56,3,14,454,191
551,0,0,0,0,0
552,62,99,17,479,165
552,59,5,29,480,202
553,56,5,24,480,194
553,59,5,29,480,202
554,71,5,13,480,193
554,59,5,29,480,202
555,53,1,22,476,205
556,0,0,0,0,0
557,62,2,247,474,467
558,0,0,0,0,0
559,66,1,411,476,598
560,66,1,392,471,600
561,0,0,0,0,0
562,0,0,0,0,0
563,0,0,0,0,0
564,0,0,0,0,0
565,0,0,0,0,0
566,0,0,0,0,0
567,0,0,0,0,0
568,59,1,220,478,457
569,59,1,225,480,452
570,68,1,207,478,444
571,0,0,0,0,0
572,53,1,235,478,426
573,56,1,246,474,379
574,0,0,0,0,0
575,62,1,252,478,413
576,0,0,0,0,0
577,53,1,238,480,431
578,59,1,252,480,399
579,0,0,0,0,0
580,0,0,0,0,0
581,0,0,0,0,0
582,0,0,0,0,0
583,0,0,0,0,0
584,0,0,0,0,0
585,0,0,0,0,0
586,0,0,0,0,0
587,0,0,0,0,0
588,0,0,0,0,0
589,0,0,0,0,0
590,0,0,0,0,0
591,0,0,0,0,0
592,0,0,0,0,0
593,0,0,0,0,0
594,0,0,0,0,0
595,0,0,0,0,0
596,0,0,0,0,0
597,0,0,0,0,0
598,0,0,0,0,0
599,0,0,0,0,0
600,0,0,0,0,0
601,0,0,0,0,0
602,0,0,0,0,0
603,0,0,0,0,0
604,0,0,0,0,0
605,0,0,0,0,0
606,0,0,0,0,0
607,0,0,0,0,0
608,0,0,0,0,0
609,0,0,0,0,0
610,0,0,0,0,0
611,0,0,0,0,0
612,0,0,0,0,0
613,0,0,0,0,0
614,0,0,0,0,0
615,0,0,0,0,0
616,0,0,0,0,0
617,0,0,0,0,0
618,0,0,0,0,0
619,0,0,0,0,0
620,0,0,0,0,0
621,0,0,0,0,0
622,0,0,0,0,0
623,0,0,0,0,0
624,0,0,0,0,0
625,0,0,0,0,0
626,0,0,0,0,0
627,0,0,0,0,0
628,0,0,0,0,0
629,0,0,0,0,0
630,0,0,0,0,0
631,0,0,0,0,0
632,0,0,0,0,0
633,0,0,0,0,0
634,0,0,0,0,0
635,0,0,0,0,0
636,0,0,0,0,0
637,0,0,0,0,0
638,0,0,0,0,0
639,0,0,0,0,0
640,0,0,0,0,0
641,0,0,0,0,0
642,0,0,0,0,0
643,0,0,0,0,0
644,0,0,0,0,0
645,0,0,0,0,0
646,0,0,0,0,0
647,0,0,0,0,0
648,0,0,0,0,0
649,0,0,0,0,0
650,0,0,0,0,0
651,0,0,0,0,0
652,0,0,0,0,0
653,0,0,0,0,0
654,0,0,0,0,0
655,0,0,0,0,0
656,0,0,0,0,0
657,0,0,0,0,0
658,0,0,0,0,0
659,0,0,0,0,0
660,0,0,0,0,0
661,0,0,0,0,0
662,0,0,0,0,0
663,0,0,0,0,0
664,0,0,0,0,0
665,0,0,0,0,0
666,0,0,0,0,0
667,0,0,0,0,0
668,0,0,0,0,0
669,0,0,0,0,0
670,0,0,0,0,0
671,0,0,0,0,0
672,0,0,0,0,0
673,0,0,0,0,0
674,0,0,0,0,0
675,0,0,0,0,0
676,0,0,0,0,0
677,0,0,0,0,0
678,0,0,0,0,0
679,0,0,0,0,0
680,0,0,0,0,0
681,66,1,178,478,415
682,0,0,0,0,0
683,0,0,0,0,0
684,0,0,0,0,0
685,0,0,0,0,0
686,76,1,233,476,449
687,0,0,0,0,0
688,59,1,443,476,617
689,0,0,0,0,0
690,56,10,32,480,223
691,0,0,0,0,0
692,0,0,0,0,0
693,0,0,0,0,0
694,0,0,0,0,0
695,0,0,0,0,0
696,0,0,0,0,0
697,59,1,221,466,414
698,71,1,21,476,214
699,0,0,0,0,0
700,0,0,0,0,0
701,0,0,0,0,0
702,0,0,0,0,0
703,0,0,0,0,0
704,0,0,0,0,0
705,0,0,0,0,0
706,0,0,0,0,0
707,0,0,0,0,0
708,0,0,0,0,0
709,0,0,0,0,0
710,0,0,0,0,0
711,0,0,0,0,0
712,0,0,0,0,0
713,0,0,0,0,0
714,0,0,0,0,0
715,56,19,255,442,416
716,0,0,0,0,0
717,0,0,0,0,0
718,0,0,0,0,0
719,0,0,0,0,0
720,53,1,240,477,404
721,53,1,240,477,404
722,0,0,0,0,0
723,0,0,0,0,0
724,0,0,0,0,0
725,0,0,0,0,0
726,0,0,0,0,0
727,0,0,0,0,0
728,0,0,0,0,0
729,0,0,0,0,0
730,0,0,0,0,0
731,0,0,0,0,0
732,0,0,0,0,0
733,0,0,0,0,0
734,0,0,0,0,0
735,0,0,0,0,0
736,0,0,0,0,0
737,0,0,0,0,0
738,0,0,0,0,0
739,0,0,0,0,0
740,0,0,0,0,0
741,0,0,0,0,0
742,0,0,0,0,0
743,0,0,0,0,0
744,0,0,0,0,0
745,59,14,116,476,269
746,0,0,0,0,0
747,0,0,0,0,0
748,0,0,0,0,0
749,0,0,0,0,0
750,53,18,58,472,238
751,0,0,0,0,0
752,59,22,66,476,239
753,0,0,0,0,0
754,0,0,0,0,0
755,0,0,0,0,0
756,0,0,0,0,0
757,0,0,0,0,0
758,0,0,0,0,0
759,0,0,0,0,0
760,0,0,0,0,0
761,0,0,0,0,0
762,56,14,40,480,208
763,0,0,0,0,0
764,0,0,0,0,0
765,0,0,0,0,0
766,0,0,0,0,0
767,0,0,0,0,0
768,0,0,0,0,0
769,0,0,0,0,0
770,0,0,0,0,0
771,0,0,0,0,0
772,0,0,0,0,0
773,0,0,0,0,0
774,0,0,0,0,0
775,0,0,0,0,0
776,59,1,233,480,386
777,59,1,210,480,371
778,59,1,218,480,374
779,0,0,0,0,0
780,0,0,0,0,0
781,59,1,66,477,277
782,0,0,0,0,0
783,0,0,0,0,0
784,71,1,17,467,201
785,59,6,30,462,231
786,76,1,18,462,208
786,62,1,357,480,598
787,59,3,461,454,617
788,0,0,0,0,0
789,0,0,0,0,0
790,0,0,0,0,0
791,68,1,57,460,310
792,0,0,0,0,0
793,0,0,0,0,0
794,56,4,15,472,242
795,53,23,62,453,277
796,53,11,59,457,277
797,0,0,0,0,0
798,0,0,0,0,0
799,0,0,0,0,0
800,0,0,0,0,0
801,53,12,16,450,183
802,56,13,19,463,242
803,59,4,15,472,246
804,59,28,47,436,267
805,62,14,13,470,254
806,59,14,17,470,254
807,66,21,45,443,289
808,62,23,57,423,265
809,62,20,101,450,294
810,76,19,84,457,295
811,71,22,94,460,301
812,71,15,78,461,301
813,62,19,105,457,291
814,62,22,90,460,301
815,66,29,86,459,301
816,66,19,82,457,293
817,59,18,100,464,311
818,66,20,87,450,288
819,66,15,105,461,297
820,66,23,84,453,295
821,68,20,66,450,289
822,68,20,74,450,285
823,71,19,68,457,303
824,66,19,88,457,299
825,68,15,78,461,313
826,68,9,63,455,307
827,62,13,74,451,293
828,62,15,108,461,297
829,62,16,86,454,297
830,56,16,74,454,318
831,56,7,103,461,292
832,0,0,0,0,0
833,59,1,446,467,623
833,56,18,46,480,215
834,0,0,0,0,0
835,0,0,0,0,0
836,74,5,24,480,194
837,62,1,17,476,176
837,53,1,206,466,399
838,59,1,61,478,288
839,53,6,314,472,623
840,53,1,55,478,243
841,71,1,252,478,493
841,53,20,320,474,547
842,0,0,0,0,0
843,74,17,330,471,549
844,0,0,0,0,0
845,0,0,0,0,0
846,0,0,0,0,0
847,56,6,240,470,431
848,56,6,240,470,431
849,53,37,344,480,533
850,0,0,0,0,0
851,0,0,0,0,0
852,0,0,0,0,0
853,0,0,0,0,0
854,0,0,0,0,0
855,0,0,0,0,0
856,0,0,0,0,0
857,0,0,0,0,0
858,0,0,0,0,0
859,0,0,0,0,0
860,0,0,0,0,0
861,0,0,0,0,0
862,0,0,0,0,0
863,53,1,240,454,453
864,0,0,0,0,0
865,53,2,219,442,390
866,0,0,0,0,0
867,0,0,0,0,0
868,0,0,0,0,0
869,53,2,223,474,459
870,53,2,223,474,459
871,53,2,223,474,459
872,0,0,0,0,0
873,0,0,0,0,0
874,0,0,0,0,0
875,0,0,0,0,0
876,0,0,0,0,0
877,0,0,0,0,0
878,0,0,0,0,0
879,0,0,0,0,0
880,0,0,0,0,0
881,0,0,0,0,0
882,0,0,0,0,0
883,0,0,0,0,0
884,0,0,0,0,0
885,0,0,0,0,0
886,0,0,0,0,0
887,0,0,0,0,0
888,0,0,0,0,0
889,0,0,0,0,0
890,0,0,0,0,0
891,0,0,0,0,0
892,0,0,0,0,0
893,0,0,0,0,0
894,0,0,0,0,0
895,0,0,0,0,0
896,0,0,0,0,0
897,0,0,0,0,0
898,0,0,0,0,0
899,0,0,0,0,0
900,0,0,0,0,0
901,0,0,0,0,0
902,0,0,0,0,0
903,0,0,0,0,0
904,0,0,0,0,0
905,0,0,0,0,0
906,0,0,0,0,0
907,0,0,0,0,0
908,0,0,0,0,0
909,0,0,0,0,0
910,0,0,0,0,0
911,0,0,0,0,0
912,0,0,0,0,0
913,0,0,0,0,0
914,0,0,0,0,0
915,0,0,0,0,0
916,0,0,0,0,0
917,0,0,0,0,0
918,0,0,0,0,0
919,0,0,0,0,0
920,0,0,0,0,0
921,0,0,0,0,0
922,0,0,0,0,0
923,0,0,0,0,0
924,0,0,0,0,0
925,0,0,0,0,0
926,0,0,0,0,0
927,0,0,0,0,0
928,0,0,0,0,0
929,0,0,0,0,0
930,0,0,0,0,0
931,0,0,0,0,0
932,0,0,0,0,0
933,0,0,0,0,0
934,0,0,0,0,0
935,0,0,0,0,0
936,0,0,0,0,0
937,0,0,0,0,0
938,0,0,0,0,0
939,0,0,0,0,0
940,0,0,0,0,0
941,0,0,0,0,0
942,0,0,0,0,0
943,0,0,0,0,0
944,0,0,0,0,0
945,0,0,0,0,0
946,0,0,0,0,0
947,0,0,0,0,0
948,0,0,0,0,0
949,0,0,0,0,0
950,0,0,0,0,0
951,0,0,0,0,0
952,0,0,0,0,0
952,0,0,0,0,0
953,0,0,0,0,0
954,0,0,0,0,0
955,0,0,0,0,0
956,0,0,0,0,0
957,0,0,0,0,0
958,0,0,0,0,0
959,0,0,0,0,0
960,0,0,0,0,0
961,0,0,0,0,0
962,0,0,0,0,0
963,0,0,0,0,0
964,0,0,0,0,0
965,0,0,0,0,0
966,0,0,0,0,0
967,0,0,0,0,0
968,0,0,0,0,0
969,0,0,0,0,0
970,0,0,0,0,0
971,0,0,0,0,0
972,0,0,0,0,0
973,0,0,0,0,0
974,0,0,0,0,0
975,0,0,0,0,0
976,0,0,0,0,0
977,0,0,0,0,0
978,0,0,0,0,0
979,0,0,0,0,0
980,0,0,0,0,0
981,0,0,0,0,0
982,0,0,0,0,0
983,0,0,0,0,0
984,0,0,0,0,0
985,0,0,0,0,0
986,0,0,0,0,0
987,0,0,0,0,0
988,0,0,0,0,0
989,0,0,0,0,0
990,0,0,0,0,0
991,0,0,0,0,0
992,0,0,0,0,0
993,78,4,66,458,277
994,56,1,61,451,269
995,0,0,0,0,0
996,0,0,0,0,0
997,0,0,0,0,0
998,59,1,28,471,208
999,0,0,0,0,0
1000,0,0,0,0,0
1001,0,0,0,0,0
1002,66,1,79,474,286
1003,0,0,0,0,0
1004,0,0,0,0,0
1005,0,0,0,0,0
1006,0,0,0,0,0
1007,0,0,0,0,0
1008,0,0,0,0,0
1009,0,0,0,0,0
1010,0,0,0,0,0
1011,0,0,0,0,0
1012,0,0,0,0,0
1013,0,0,0,0,0
1014,0,0,0,0,0
1015,0,0,0,0,0
1016,0,0,0,0,0
1017,0,0,0,0,0
1018,0,0,0,0,0
1019,0,0,0,0,0
1020,0,0,0,0,0
1021,0,0,0,0,0
1022,0,0,0,0,0
1023,0,0,0,0,0
1024,0,0,0,0,0
1025,0,0,0,0,0
1026,0,0,0,0,0
1027,0,0,0,0,0
1028,0,0,0,0,0
1029,0,0,0,0,0
1030,0,0,0,0,0
1031,0,0,0,0,0
1032,0,0,0,0,0
1033,0,0,0,0,0
1034,0,0,0,0,0
1035,59,1,30,476,227
1036,71,1,24,476,207
1037,0,0,0,0,0
1038,0,0,0,0,0
1039,0,0,0,0,0
1040,0,0,0,0,0
1041,0,0,0,0,0
1042,0,0,0,0,0
1043,0,0,0,0,0
1044,0,0,0,0,0
1045,0,0,0,0,0
1046,0,0,0,0,0
1047,0,0,0,0,0
1048,0,0,0,0,0
1049,0,0,0,0,0
1050,0,0,0,0,0
1051,0,0,0,0,0
1052,62,1,60,466,246
1053,0,0,0,0,0
1054,0,0,0,0,0
1055,0,0,0,0,0
1056,0,0,0,0,0
1057,0,0,0,0,0
1058,0,0,0,0,0
1059,0,0,0,0,0
1060,0,0,0,0,0
1061,0,0,0,0,0
1062,0,0,0,0,0
1063,0,0,0,0,0
1064,53,1,86,462,256
1065,0,0,0,0,0
1066,0,0,0,0,0
1067,0,0,0,0,0
1068,0,0,0,0,0
1069,59,1,90,480,272
1070,59,1,106,458,279
1071,62,88,30,443,150
1072,0,0,0,0,0
1073,68,5,26,480,222
1073,56,10,367,480,608
1074,59,10,325,480,603
1075,59,1,16,476,220
1075,56,20,162,478,512
1076,56,20,162,478,512
1077,59,37,41,471,351
1078,0,0,0,0,0
1079,0,0,0,0,0
1080,59,1,85,480,277
1081,0,0,0,0,0
1082,0,0,0,0,0
1083,0,0,0,0,0
1084,0,0,0,0,0
1085,0,0,0,0,0
1086,0,0,0,0,0
1087,0,0,0,0,0
1088,0,0,0,0,0
1089,0,0,0,0,0
1090,56,1,21,476,197
1091,56,1,21,476,197
1092,66,1,388,467,608
1093,0,0,0,0,0
1094,59,1,16,462,193
1094,56,1,303,429,543
1095,59,1,16,462,193
1095,56,1,303,429,543
1096,56,1,15,476,195
1097,56,5,13,480,252
1098,74,18,325,480,619
1098,68,1,82,478,320
1099,66,6,97,480,332
1099,53,13,299,480,555
1099,53,1,30,471,269
1100,53,1,31,476,217
1101,56,1,25,476,205
1102,0,0,0,0,0
1103,0,0,0,0,0
1104,0,0,0,0,0
1105,78,10,192,480,470
1106,0,0,0,0,0
1107,53,1,105,470,304
1108,0,0,0,0,0
1109,68,1,32,476,229
1110,59,1,41,476,215
1111,0,0,0,0,0
1112,0,0,0,0,0
1113,0,0,0,0,0
1114,0,0,0,0,0
1115,0,0,0,0,0
1116,0,0,0,0,0
1117,0,0,0,0,0
1118,0,0,0,0,0
1119,0,0,0,0,0
1120,0,0,0,0,0
1121,0,0,0,0,0
1122,0,0,0,0,0
1123,0,0,0,0,0
1124,0,0,0,0,0
1125,0,0,0,0,0
1126,0,0,0,0,0
1127,0,0,0,0,0
1128,0,0,0,0,0
1129,0,0,0,0,0
1130,0,0,0,0,0
1131,0,0,0,0,0
1132,0,0,0,0,0
1133,0,0,0,0,0
1134,0,0,0,0,0
1135,62,1,189,462,425
1136,59,1,256,478,510
1137,0,0,0,0,0
1138,0,0,0,0,0
1139,0,0,0,0,0
1140,0,0,0,0,0
1141,0,0,0,0,0
1142,0,0,0,0,0
1143,0,0,0,0,0
1144,0,0,0,0,0
1145,59,2,206,474,460
1146,53,1,157,462,430
1147,0,0,0,0,0
1148,0,0,0,0,0
1149,0,0,0,0,0
1150,0,0,0,0,0
1151,0,0,0,0,0
1152,0,0,0,0,0
1153,0,0,0,0,0
1154,0,0,0,0,0
1155,0,0,0,0,0
1156,0,0,0,0,0
1157,0,0,0,0,0
1158,0,0,0,0,0
1159,0,0,0,0,0
1160,0,0,0,0,0
1161,0,0,0,0,0
1162,0,0,0,0,0
1163,0,0,0,0,0
1164,0,0,0,0,0
1165,71,2,25,474,230
1166,0,0,0,0,0
1167,0,0,0,0,0
1168,0,0,0,0,0
1169,0,0,0,0,0
1170,71,1,184,430,425
1171,71,1,184,430,425
1172,0,0,0,0,0
1173,0,0,0,0,0
1174,0,0,0,0,0
1175,0,0,0,0,0
1176,0,0,0,0,0
1177,56,1,65,480,284
1178,0,0,0,0,0
1179,0,0,0,0,0
1180,0,0,0,0,0
1181,0,0,0,0,0
1182,0,0,0,0,0
1183,68,1,73,480,276
1184,0,0,0,0,0
1185,0,0,0,0,0
1186,0,0,0,0,0
1187,0,0,0,0,0
1188,0,0,0,0,0
1189,0,0,0,0,0
1190,0,0,0,0,0
1191,0,0,0,0,0
1192,0,0,0,0,0
1193,0,0,0,0,0
1194,62,1,397,462,612
1195,68,1,395,462,610
1196,56,1,436,467,616
1197,66,3,413,454,617
1198,0,0,0,0,0
1199,0,0,0,0,0
1200,0,0,0,0,0
1201,0,0,0,0,0
1202,0,0,0,0,0
1203,0,0,0,0,0
1204,0,0,0,0,0
1205,0,0,0,0,0
1206,0,0,0,0,0
1207,0,0,0,0,0
1208,0,0,0,0,0
1209,0,0,0,0,0
1210,0,0,0,0,0
1211,0,0,0,0,0
1212,0,0,0,0,0
1213,0,0,0,0,0
1214,0,0,0,0,0
1215,0,0,0,0,0
1216,0,0,0,0,0
1217,0,0,0,0,0
1218,0,0,0,0,0
1219,0,0,0,0,0
1220,0,0,0,0,0
1221,0,0,0,0,0
1222,0,0,0,0,0
1223,0,0,0,0,0
1224,0,0,0,0,0
1225,0,0,0,0,0
1226,0,0,0,0,0
1227,0,0,0,0,0
1228,0,0,0,0,0
1229,0,0,0,0,0
1230,0,0,0,0,0
1231,0,0,0,0,0
1232,0,0,0,0,0
1233,0,0,0,0,0
1234,0,0,0,0,0
1235,0,0,0,0,0
1236,0,0,0,0,0
1237,0,0,0,0,0
1238,0,0,0,0,0
1239,0,0,0,0,0
1240,0,0,0,0,0
1241,0,0,0,0,0
1242,0,0,0,0,0
1243,0,0,0,0,0
1244,0,0,0,0,0
1245,0,0,0,0,0
1246,0,0,0,0,0
1247,0,0,0,0,0
1248,0,0,0,0,0
1249,0,0,0,0,0
1250,0,0,0,0,0
1251,0,0,0,0,0
1252,0,0,0,0,0
1253,0,0,0,0,0
1254,0,0,0,0,0
1255,0,0,0,0,0
1256,0,0,0,0,0
1257,0,0,0,0,0
1258,0,0,0,0,0
1259,0,0,0,0,0
1260,0,0,0,0,0
1261,0,0,0,0,0
1262,0,0,0,0,0
1263,0,0,0,0,0
1264,0,0,0,0,0
1265,0,0,0,0,0
1266,0,0,0,0,0
1267,0,0,0,0,0
1268,0,0,0,0,0
1269,0,0,0,0,0
1270,0,0,0,0,0
1271,0,0,0,0,0
1272,0,0,0,0,0
1273,0,0,0,0,0
1274,0,0,0,0,0
1275,0,0,0,0,0
1276,0,0,0,0,0
1277,0,0,0,0,0
1278,0,0,0,0,0
1279,0,0,0,0,0
1280,0,0,0,0,0
1281,0,0,0,0,0
1282,0,0,0,0,0
1283,0,0,0,0,0
1284,0,0,0,0,0
1285,53,8,399,459,614
1286,0,0,0,0,0
1287,0,0,0,0,0
1288,56,1,53,470,463
1289,0,0,0,0,0
1290,0,0,0,0,0
1291,0,0,0,0,0
1292,66,1,10,470,359
1293,53,1,13,470,350
1294,0,0,0,0,0
1295,53,2,92,466,412
1296,0,0,0,0,0
1297,0,0,0,0,0
1298,59,3,79,403,283
1298,53,1,27,430,229
1299,0,0,0,0,0
1300,53,3,28,454,228
1301,62,4,29,472,223
1302,0,0,0,0,0
1303,66,11,73,457,269
1304,56,1,40,467,220
1305,68,1,28,476,211
1306,59,1,28,458,208
1307,0,0,0,0,0
1308,0,0,0,0,0
1309,56,1,32,476,199
1310,59,9,32,476,212
1311,56,5,34,480,205
1312,56,9,35,476,209
1313,0,0,0,0,0
1314,0,0,0,0,0
1315,56,19,34,480,201
1316,0,0,0,0,0
1317,0,0,0,0,0
1318,0,0,0,0,0
1319,59,14,32,480,191
1320,76,1,24,476,207
1321,53,9,33,476,210
1322,59,5,35,480,209
1323,76,1,26,476,222
1324,68,1,27,476,242
1325,0,0,0,0,0
1326,0,0,0,0,0
1327,0,0,0,0,0
1328,0,0,0,0,0
1329,59,1,193,462,426
1330,0,0,0,0,0
1331,59,1,223,480,601
1332,0,0,0,0,0
1333,0,0,0,0,0
1334,0,0,0,0,0
1335,0,0,0,0,0
1336,53,2,36,474,214
1337,0,0,0,0,0
1338,0,0,0,0,0
1339,0,0,0,0,0
1340,0,0,0,0,0
1341,0,0,0,0,0
1342,0,0,0,0,0
1343,0,0,0,0,0
1344,0,0,0,0,0
1345,0,0,0,0,0
1346,0,0,0,0,0
1347,0,0,0,0,0
1348,0,0,0,0,0
1349,0,0,0,0,0
1350,0,0,0,0,0
1351,0,0,0,0,0
1352,0,0,0,0,0
1353,0,0,0,0,0
1354,0,0,0,0,0
1355,53,18,507,480,637
1356,0,0,0,0,0
1357,0,0,0,0,0
1358,0,0,0,0,0
1359,0,0,0,0,0
1360,0,0,0,0,0
1361,0,0,0,0,0
1362,0,0,0,0,0
1363,53,1,361,480,537
1364,53,9,336,480,525
1364,53,4,436,472,616
1365,66,7,332,477,536
1365,56,4,416,472,606
1366,59,4,437,472,611
1367,0,0,0,0,0
1368,0,0,0,0,0
1369,53,4,452,472,617
1370,0,0,0,0,0
1371,0,0,0,0,0
1372,0,0,0,0,0
1373,0,0,0,0,0
1374,0,0,0,0,0
1375,0,0,0,0,0
1376,0,0,0,0,0
1377,0,0,0,0,0
1378,0,0,0,0,0
1379,0,0,0,0,0
1380,0,0,0,0,0
1381,0,0,0,0,0
1382,0,0,0,0,0
1383,0,0,0,0,0
1384,0,0,0,0,0
1385,0,0,0,0,0
1386,0,0,0,0,0
1387,0,0,0,0,0
1388,0,0,0,0,0
1389,56,1,443,467,617
1390,0,0,0,0,0
1391,0,0,0,0,0
1392,0,0,0,0,0
1393,0,0,0,0,0
1394,59,1,27,476,195
1395,0,0,0,0,0
1396,53,1,230,478,411
1397,74,1,228,405,407
1398,0,0,0,0,0
1399,0,0,0,0,0
1400,0,0,0,0,0
1401,0,0,0,0,0
1402,0,0,0,0,0
1403,0,0,0,0,0
1404,74,1,131,458,317
1405,56,1,103,474,306
1406,56,1,103,474,306
1407,0,0,0,0,0
1408,0,0,0,0,0
1409,0,0,0,0,0
1410,0,0,0,0,0
1411,53,1,18,462,192
1412,0,0,0,0,0
1413,0,0,0,0,0
1414,0,0,0,0,0
1415,0,0,0,0,0
1416,0,0,0,0,0
1417,0,0,0,0,0
1418,0,0,0,0,0
1419,0,0,0,0,0
1420,0,0,0,0,0
1421,53,1,6,476,203
1422,0,0,0,0,0
1423,0,0,0,0,0
1424,0,0,0,0,0
1425,0,0,0,0,0
1426,0,0,0,0,0
1427,0,0,0,0,0
1428,0,0,0,0,0
1429,0,0,0,0,0
1430,0,0,0,0,0
1431,0,0,0,0,0
1432,0,0,0,0,0
1433,0,0,0,0,0
1434,66,14,98,476,274
1435,0,0,0,0,0
1436,0,0,0,0,0
1437,0,0,0,0,0
1438,0,0,0,0,0
1439,0,0,0,0,0
1440,0,0,0,0,0
1441,0,0,0,0,0
1442,0,0,0,0,0
1443,0,0,0,0,0
1444,0,0,0,0,0
1445,0,0,0,0,0
1446,0,0,0,0,0
1447,0,0,0,0,0
1448,0,0,0,0,0
1449,0,0,0,0,0
1450,0,0,0,0,0
1451,0,0,0,0,0
1452,0,0,0,0,0
1453,0,0,0,0,0
1454,0,0,0,0,0
1455,76,1,37,470,276
1456,76,1,37,470,276
1457,76,1,37,470,276
1458,76,1,37,470,276
1459,76,1,37,470,276
1460,76,1,37,470,276
1461,76,1,37,470,276
1462,76,1,37,470,276
1463,76,1,37,470,276
1464,0,0,0,0,0
1465,59,1,490,466,630
1466,0,0,0,0,0
1467,0,0,0,0,0
1468,82,9,407,467,611
1468,59,1,52,466,274
1469,66,26,423,466,594
1469,66,3,16,454,220
1470,66,14,357,480,527
1470,66,3,16,454,220
1471,66,3,16,454,220
1472,76,14,14,462,247
1472,66,3,16,454,220
1473,89,4,1,472,266
1474,89,4,1,472,270
1475,87,1,1,476,257
1475,59,18,375,480,545
1476,89,6,4,470,277
1477,82,6,15,470,319
1477,59,26,422,474,600
1478,82,6,13,470,306
1478,59,14,430,480,600
1479,84,6,13,470,306
1479,53,4,440,472,599
1480,84,6,13,470,301
1480,66,4,420,472,610
1481,80,6,20,470,319
1481,59,1,435,476,608
1482,82,6,15,470,314
1482,71,1,407,476,615
1483,84,6,15,470,293
1483,78,1,409,476,617
1484,78,6,10,470,314
1484,76,1,376,476,624
1485,82,6,13,470,311
1485,74,1,389,471,620
1486,82,6,13,470,311
1486,74,1,378,476,622
1487,80,1,361,476,623
1487,80,6,13,470,311
1488,80,6,15,470,319
1488,68,4,363,472,616
1489,82,6,13,470,306
1489,76,1,337,476,629
1490,82,1,389,476,628
1490,80,6,13,470,311
1491,84,1,358,476,634
1491,82,6,13,470,316
1492,84,1,380,471,633
1492,74,2,28,474,316
1493,82,2,349,474,632
1493,62,2,30,466,289
1494,82,2,349,474,632
1494,62,2,30,466,289
1495,82,2,349,474,632
1495,62,2,30,466,289
1496,82,2,349,474,632
1496,62,2,30,466,289
1497,82,2,349,474,632
1497,62,2,30,466,289
1498,59,1,27,480,279
1498,62,2,30,466,289
1499,53,1,45,478,247
1499,62,2,30,466,289
1500,0,0,0,0,0
1501,62,1,387,453,626
1501,53,3,14,461,378
1502,53,3,14,461,378
1503,0,0,0,0,0
1504,0,0,0,0,0
1505,0,0,0,0,0
1506,0,0,0,0,0
1507,0,0,0,0,0
1508,0,0,0,0,0
1509,62,1,239,458,433
1510,62,1,239,458,433
1511,62,1,239,458,433
1512,62,1,239,458,433
1513,62,1,239,458,433
1514,62,1,239,458,433
1515,0,0,0,0,0
1516,0,0,0,0,0
1517,0,0,0,0,0
1518,53,5,41,480,203
1519,0,0,0,0,0
1520,0,0,0,0,0
1521,0,0,0,0,0
1522,0,0,0,0,0
1523,0,0,0,0,0
1524,66,1,63,478,246
1525,0,0,0,0,0
1526,62,19,385,442,520
1527,0,0,0,0,0
1528,53,1,31,462,236
1528,53,2,80,456,299
1529,68,1,5,478,155
1529,53,1,351,462,550
1530,0,0,0,0,0
1531,0,0,0,0,0
1532,62,1,107,462,318
1532,59,1,193,478,426
1533,59,1,483,470,628
1533,56,1,211,475,411
1534,0,0,0,0,0
1535,0,0,0,0,0
1536,53,1,187,458,385
1537,71,1,426,471,609
1537,59,1,198,466,400
1538,59,3,474,419,611
1539,59,1,470,467,629
1540,0,0,0,0,0
1541,59,9,13,476,166
1542,59,9,13,476,166
1543,59,9,13,476,166
1544,59,9,13,476,166
1545,59,9,13,476,166
1546,59,9,13,476,166
1547,59,9,13,476,166
1548,59,9,13,476,166
1549,0,0,0,0,0
1550,0,0,0,0,0
1551,71,8,188,453,374
1552,66,8,185,453,377
1553,71,10,198,480,384
1554,76,3,186,473,372
1555,76,10,190,480,369
1556,71,18,234,480,384
1557,74,18,213,472,392
1558,0,0,0,0,0
1559,66,23,213,461,366
1560,53,1,216,446,363
1561,0,0,0,0,0
1562,0,0,0,0,0
1563,0,0,0,0,0
1564,0,0,0,0,0
1565,56,14,318,414,553
1566,53,14,326,407,549
1567,0,0,0,0,0
1568,56,8,371,438,524
1569,59,1,371,454,530
1570,59,4,374,458,544
1571,53,11,353,465,546
1572,59,11,367,465,531
1573,59,3,347,465,547
1574,0,0,0,0,0
1575,0,0,0,0,0
1576,0,0,0,0,0
1577,0,0,0,0,0
1578,0,0,0,0,0
1579,0,0,0,0,0
1580,0,0,0,0,0
1581,0,0,0,0,0
1582,0,0,0,0,0
1583,0,0,0,0,0
1584,0,0,0,0,0
1585,0,0,0,0,0
1586,0,0,0,0,0
1587,0,0,0,0,0
1588,0,0,0,0,0
1589,0,0,0,0,0
1590,0,0,0,0,0
1591,0,0,0,0,0
1592,0,0,0,0,0
1593,0,0,0,0,0
1594,0,0,0,0,0
1595,0,0,0,0,0
1596,0,0,0,0,0
1597,0,0,0,0,0
1598,0,0,0,0,0
1599,53,15,354,461,547
1600,53,19,354,457,540
1601,53,8,362,453,535
1602,0,0,0,0,0
1603,0,0,0,0,0
1604,0,0,0,0,0
1605,0,0,0,0,0
1606,0,0,0,0,0
1607,0,0,0,0,0
1608,71,21,324,480,534
1609,0,0,0,0,0
1610,0,0,0,0,0
1611,0,0,0,0,0
1612,0,0,0,0,0
1613,0,0,0,0,0
1614,53,2,355,472,556
1615,53,2,355,472,556
1616,53,2,355,472,556
1617,0,0,0,0,0
1618,0,0,0,0,0
1619,0,0,0,0,0
1620,0,0,0,0,0
1621,56,1,437,476,614
1622,53,1,440,476,607
1623,56,1,422,471,608
1624,59,4,436,472,603
1625,62,1,427,476,604
1626,59,1,447,476,609
1627,62,1,429,476,609
1628,53,1,429,476,609
1629,59,5,441,480,611
1630,53,1,437,476,614
1631,0,0,0,0,0
1632,0,0,0,0,0
1633,0,0,0,0,0
1634,0,0,0,0,0
1635,0,0,0,0,0
1636,62,5,16,480,181
1637,0,0,0,0,0
1638,0,0,0,0,0
1639,0,0,0,0,0
1640,0,0,0,0,0
1641,0,0,0,0,0
1642,0,0,0,0,0
1643,0,0,0,0,0
1644,0,0,0,0,0
1645,0,0,0,0,0
1646,0,0,0,0,0
1647,0,0,0,0,0
1648,0,0,0,0,0
1649,0,0,0,0,0
1650,0,0,0,0,0
1651,0,0,0,0,0
1652,0,0,0,0,0
1653,0,0,0,0,0
1654,0,0,0,0,0
1655,66,1,106,478,267
1656,78,1,78,469,271
1657,56,1,28,467,232
1658,0,0,0,0,0
1659,0,0,0,0,0
1660,0,0,0,0,0
1661,0,0,0,0,0
1662,0,0,0,0,0
1663,0,0,0,0,0
1664,0,0,0,0,0
1665,0,0,0,0,0
1666,0,0,0,0,0
1667,0,0,0,0,0
1668,0,0,0,0,0
1669,0,0,0,0,0
1670,0,0,0,0,0
1671,0,0,0,0,0
1672,0,0,0,0,0
1673,0,0,0,0,0
1674,62,22,251,480,463
1675,0,0,0,0,0
1676,56,2,259,480,423
1677,0,0,0,0,0
1678,0,0,0,0,0
1679,0,0,0,0,0
1680,0,0,0,0,0
1681,0,0,0,0,0
1682,0,0,0,0,0
1683,0,0,0,0,0
1684,56,54,295,480,395
1685,0,0,0,0,0
1686,0,0,0,0,0
1687,0,0,0,0,0
1688,0,0,0,0,0
1689,0,0,0,0,0
1690,0,0,0,0,0
1691,0,0,0,0,0
1692,0,0,0,0,0
1692,0,0,0,0,0
1693,0,0,0,0,0
1694,0,0,0,0,0
1695,59,4,451,472,613
1696,59,4,449,472,607
1697,56,9,455,476,614
1698,0,0,0,0,0
1699,66,9,451,476,613
1700,56,9,458,476,611
1701,66,9,453,476,612
1702,62,4,449,472,611
1703,56,4,457,472,608
1704,0,0,0,0,0
1705,0,0,0,0,0
1706,0,0,0,0,0
1707,0,0,0,0,0
1708,0,0,0,0,0
1709,0,0,0,0,0
1710,0,0,0,0,0
1711,0,0,0,0,0
1712,0,0,0,0,0
1713,0,0,0,0,0
1714,0,0,0,0,0
1715,0,0,0,0,0
1716,0,0,0,0,0
1717,0,0,0,0,0
1718,53,1,260,466,448
1719,68,1,218,478,412
1720,62,2,181,474,386
1721,0,0,0,0,0
1722,66,1,101,480,301
1723,62,5,82,475,301
1724,53,5,40,480,191
1725,80,14,325,478,635
1726,82,6,346,478,634
1727,71,1,365,467,631
1728,0,0,0,0,0
1729,0,0,0,0,0
1730,0,0,0,0,0
1731,0,0,0,0,0
1732,0,0,0,0,0
1733,0,0,0,0,0
1734,78,6,352,470,634
1735,76,1,356,467,632
1736,80,2,291,476,628
1737,76,2,217,474,613
1738,59,2,192,474,573
1738,56,10,338,474,627
1739,66,3,300,477,631
1740,66,3,308,477,633
1740,53,2,192,474,573
1741,68,6,346,478,624
1742,68,6,338,478,627
1742,53,1,104,480,564
1743,66,9,308,480,633
1743,56,1,176,480,582
1744,56,6,338,478,621
1745,66,1,330,476,632
1745,59,1,142,476,594
1746,71,1,339,476,631
1746,56,1,202,480,601
1747,74,2,298,474,630
1748,53,3,303,477,628
1749,71,1,178,476,591
1750,80,1,181,476,610
1751,78,1,147,476,599
1752,80,2,95,474,594
1753,80,1,162,476,606
1754,74,2,127,474,584
1755,80,2,192,474,617
1756,78,6,165,478,590
1757,80,2,152,474,592
1758,80,1,139,476,608
1759,82,1,169,476,622
1760,82,1,205,476,619
1761,80,2,201,474,618
1762,80,1,183,476,619
1763,84,1,146,476,623
1764,80,2,219,474,622
1765,80,1,179,476,623
1765,53,1,17,476,270
1766,78,1,211,476,625
1766,53,1,17,476,270
1767,82,2,157,474,630
1767,53,1,17,476,270
1768,82,1,167,476,635
1768,53,1,17,476,270
1769,84,1,117,476,629
1769,53,1,17,476,270
1770,68,5,295,480,633
1771,68,1,76,476,626
1772,68,1,28,476,619
1773,0,0,0,0,0
1774,0,0,0,0,0
1775,0,0,0,0,0
1776,0,0,0,0,0
1777,0,0,0,0,0
1778,0,0,0,0,0
1779,0,0,0,0,0
1780,0,0,0,0,0
1781,0,0,0,0,0
1782,0,0,0,0,0
1783,0,0,0,0,0
1784,0,0,0,0,0
1785,0,0,0,0,0
1786,0,0,0,0,0
1787,0,0,0,0,0
1788,78,6,336,478,640
1789,62,1,393,476,637
1790,66,9,14,476,191
1790,56,1,414,476,633
1791,56,1,422,476,630
1792,53,1,417,476,617
1793,56,1,401,476,620
1794,59,1,403,467,623
1795,66,1,385,476,624
1796,66,1,389,467,620
1797,78,1,376,476,629
1798,71,1,393,471,624
1799,74,1,380,467,629
1800,68,1,389,467,620
1801,74,1,395,476,626
1802,80,1,393,476,624
1803,78,1,367,476,633
1804,78,1,374,476,627
1805,74,1,372,476,624
1806,68,1,411,476,615
1807,71,1,399,471,622
1808,71,1,393,476,624
1809,78,1,387,476,622
1810,68,1,403,471,614
1811,74,1,401,476,620
1812,76,1,387,480,622
1813,74,1,387,476,622
1814,82,1,378,476,626
1815,0,0,0,0,0
1816,0,0,0,0,0
1817,0,0,0,0,0
1818,0,0,0,0,0
1819,0,0,0,0,0
1820,0,0,0,0,0
1821,0,0,0,0,0
1822,56,1,249,480,442
1823,66,1,339,480,565
1824,0,0,0,0,0
1825,62,1,242,471,449
1826,0,0,0,0,0
1827,62,1,408,471,601
1827,62,1,1,480,160
1828,59,1,20,476,185
1829,0,0,0,0,0
1830,68,1,19,476,178
1831,66,1,45,476,225
1832,66,1,70,478,322
1833,0,0,0,0,0
1834,0,0,0,0,0
1835,0,0,0,0,0
1836,0,0,0,0,0
1837,0,0,0,0,0
1838,0,0,0,0,0
1839,0,0,0,0,0
1840,0,0,0,0,0
1841,0,0,0,0,0
1842,0,0,0,0,0
1843,0,0,0,0,0
1844,0,0,0,0,0
1845,0,0,0,0,0
1846,0,0,0,0,0
1847,0,0,0,0,0
1848,0,0,0,0,0
1849,0,0,0,0,0
1850,0,0,0,0,0
1851,0,0,0,0,0
1851,0,0,0,0,0
1852,0,0,0,0,0
1853,0,0,0,0,0
1854,0,0,0,0,0
1855,0,0,0,0,0
1856,0,0,0,0,0
1857,0,0,0,0,0
1858,0,0,0,0,0
1859,0,0,0,0,0
1860,0,0,0,0,0
1861,0,0,0,0,0
1862,0,0,0,0,0
1863,0,0,0,0,0
1864,0,0,0,0,0
1865,0,0,0,0,0
1866,0,0,0,0,0
1867,0,0,0,0,0
1868,0,0,0,0,0
1869,0,0,0,0,0
1870,0,0,0,0,0
1871,0,0,0,0,0
1872,0,0,0,0,0
1873,0,0,0,0,0
1874,0,0,0,0,0
1875,0,0,0,0,0
1876,0,0,0,0,0
1877,0,0,0,0,0
1878,0,0,0,0,0
1879,0,0,0,0,0
1880,0,0,0,0,0
1881,0,0,0,0,0
1882,0,0,0,0,0
1883,0,0,0,0,0
1884,0,0,0,0,0
1885,0,0,0,0,0
1886,0,0,0,0,0
1887,0,0,0,0,0
1888,0,0,0,0,0
1889,0,0,0,0,0
1890,0,0,0,0,0
1891,0,0,0,0,0
1892,0,0,0,0,0
1893,0,0,0,0,0
1894,0,0,0,0,0
1895,0,0,0,0,0
1896,0,0,0,0,0
1897,0,0,0,0,0
1898,0,0,0,0,0
1899,0,0,0,0,0
1900,0,0,0,0,0
1901,0,0,0,0,0
1902,0,0,0,0,0
1903,0,0,0,0,0
1904,0,0,0,0,0
1905,0,0,0,0,0
1906,0,0,0,0,0
1907,0,0,0,0,0
1908,0,0,0,0,0
1909,0,0,0,0,0
1910,0,0,0,0,0
1911,0,0,0,0,0
